{"cameraMode":{"drawMode":0,"name":"Shaded","section":"Shading Mode"},"sceneLighting":true,"audioPlay":false,"sceneViewState":{"showFog":true,"showMaterialUpdate":true,"showSkybox":true,"showFlares":true,"showImageEffects":true,"showParticleSystems":true},"in2DMode":false,"pivot":{"x":361.01202392578127,"y":128.298828125,"z":-0.792236328125},"rotation":{"x":0.02100701443850994,"y":-0.009902543388307095,"z":0.00020518458040896803,"w":0.999736487865448},"size":1556.3759765625,"orthographic":false}